block,trial,motion_type,key_response,RT
1,1,vertical,m,2.0192410416675557
1,2,horizontal,z,2.017338624998956
1,3,horizontal,z,2.0187933333327237
1,4,vertical,m,2.0203077083351673
